City_ID,City,Lat,Lng,Max Temp,Humidity,Cloudiness,Wind Speed,Country,Description,Date
0,Bredasdorp,-34.53,20.04,51.8,93,0,3.36,ZA,clear sky,2020-12-18 03:38:58
1,Tombouctou,20.0,-3.0,65.23,25,0,6.35,ML,clear sky,2020-12-18 03:38:58
2,Albany,42.6,-73.97,19.4,78,90,11.41,US,overcast clouds,2020-12-18 03:38:59
3,Beringovskiy,63.05,179.32,21.63,97,100,21.81,RU,snow,2020-12-18 03:38:59
4,Longyearbyen,78.22,15.64,12.2,61,75,24.16,SJ,broken clouds,2020-12-18 03:35:25
5,Barrow,71.29,-156.79,-9.4,69,1,19.46,US,clear sky,2020-12-18 03:39:00
6,Constitucion,-35.33,-72.42,53.11,92,99,4.18,CL,overcast clouds,2020-12-18 03:39:00
7,Lucapa,-8.42,20.74,64.54,98,100,3.62,AO,overcast clouds,2020-12-18 03:39:00
8,Saint-Philippe,-21.36,55.77,77.0,78,90,5.82,RE,overcast clouds,2020-12-18 03:39:00
9,Haines Junction,60.75,-137.51,-4.0,83,100,2.91,CA,overcast clouds,2020-12-18 03:34:32
10,Puerto Ayora,-0.74,-90.35,71.01,95,15,1.01,EC,few clouds,2020-12-18 03:39:00
11,Hilo,19.73,-155.09,71.6,88,90,8.21,US,heavy intensity rain,2020-12-18 03:39:00
12,East London,-33.02,27.91,66.2,100,75,1.12,ZA,light rain,2020-12-18 03:38:13
13,Atuona,-9.8,-139.03,78.69,74,45,16.11,PF,scattered clouds,2020-12-18 03:39:01
14,Sao Miguel Do Araguaia,-13.28,-50.16,74.3,80,14,2.13,BR,light rain,2020-12-18 03:34:51
15,Guerrero Negro,27.98,-114.06,54.9,78,61,4.63,MX,broken clouds,2020-12-18 03:39:01
16,Marawi,8.0,124.29,73.0,96,100,5.99,PH,moderate rain,2020-12-18 03:39:01
17,Seoul,37.57,126.98,35.6,47,40,9.28,KR,scattered clouds,2020-12-18 03:36:12
18,Codrington,-38.27,141.97,60.44,55,25,11.81,AU,scattered clouds,2020-12-18 03:39:01
19,Saldanha,-33.01,17.94,57.2,76,0,8.05,ZA,clear sky,2020-12-18 03:39:02
20,Port Alfred,-33.59,26.89,68.0,83,93,1.99,ZA,light rain,2020-12-18 03:39:02
21,Cabo San Lucas,22.89,-109.91,66.2,59,40,9.17,MX,scattered clouds,2020-12-18 03:37:18
22,Bawku,11.06,-0.24,70.74,22,26,5.41,GH,scattered clouds,2020-12-18 03:39:02
23,Yagodnoye,62.55,149.67,-19.3,85,100,2.46,RU,overcast clouds,2020-12-18 03:39:02
24,Carnarvon,-24.87,113.63,78.8,74,0,16.11,AU,clear sky,2020-12-18 03:39:02
25,New Norfolk,-42.78,147.06,68.0,67,60,5.01,AU,broken clouds,2020-12-18 03:39:02
26,Jamestown,42.1,-79.24,21.99,92,90,6.93,US,overcast clouds,2020-12-18 03:34:31
27,Rikitea,-23.12,-134.97,77.34,75,33,17.67,PF,scattered clouds,2020-12-18 03:39:03
28,Kodiak,57.79,-152.41,33.8,86,90,23.04,US,light rain,2020-12-18 03:39:03
29,Birao,10.28,22.79,61.41,31,12,8.19,CF,few clouds,2020-12-18 03:39:03
30,Ushuaia,-54.8,-68.3,41.0,80,40,21.92,AR,scattered clouds,2020-12-18 03:38:33
31,Tanushimaru,33.35,130.68,54.0,52,40,5.82,JP,scattered clouds,2020-12-18 03:39:03
32,Saint George,37.1,-113.58,48.2,49,90,5.82,US,overcast clouds,2020-12-18 03:39:03
33,Dikson,73.51,80.55,-22.86,87,100,20.07,RU,overcast clouds,2020-12-18 03:39:04
34,Mataura,-46.19,168.86,66.0,71,100,8.01,NZ,overcast clouds,2020-12-18 03:39:04
35,Punta Arenas,-53.15,-70.92,46.4,70,100,9.17,CL,light rain,2020-12-18 03:39:00
36,Vanavara,60.34,102.28,-1.73,92,99,6.49,RU,overcast clouds,2020-12-18 03:39:04
37,Busselton,-33.65,115.33,78.01,42,0,1.99,AU,clear sky,2020-12-18 03:39:04
38,Kahului,20.89,-156.47,78.8,65,40,19.46,US,scattered clouds,2020-12-18 03:39:04
39,Mar Del Plata,-38.0,-57.56,71.6,68,0,11.41,AR,clear sky,2020-12-18 03:38:11
40,Privolzhye,52.86,48.6,26.64,97,46,10.54,RU,scattered clouds,2020-12-18 03:39:05
41,Esperance,-33.87,121.9,71.6,37,5,12.75,AU,clear sky,2020-12-18 03:39:05
42,Havre-Saint-Pierre,50.23,-63.6,19.4,85,90,8.05,CA,overcast clouds,2020-12-18 03:39:05
43,Geraldton,-28.77,114.6,95.0,23,0,13.87,AU,clear sky,2020-12-18 03:39:05
44,Yellowknife,62.46,-114.35,-40.0,65,5,6.93,CA,clear sky,2020-12-18 03:38:43
45,Cape Town,-33.93,18.42,64.4,68,0,16.11,ZA,clear sky,2020-12-18 03:38:25
46,Chuy,-33.7,-53.46,66.67,96,42,7.92,UY,scattered clouds,2020-12-18 03:39:05
47,Mount Isa,-20.73,139.5,100.4,29,40,5.82,AU,scattered clouds,2020-12-18 03:39:06
48,Ritchie,-29.04,24.6,71.6,73,0,12.75,ZA,clear sky,2020-12-18 03:39:06
49,Yashan,22.2,109.94,50.49,56,100,12.26,CN,overcast clouds,2020-12-18 03:39:06
50,Castro,-24.79,-50.01,62.28,96,38,1.57,BR,scattered clouds,2020-12-18 03:38:14
51,Salalah,17.02,54.09,69.8,77,20,3.36,OM,few clouds,2020-12-18 03:34:23
52,Bengkulu,-3.8,102.27,82.0,70,100,5.75,ID,overcast clouds,2020-12-18 03:37:04
53,Ponta Do Sol,32.67,-17.1,60.8,77,20,4.7,PT,few clouds,2020-12-18 03:39:06
54,Jacareacanga,-6.22,-57.75,74.12,95,91,0.47,BR,overcast clouds,2020-12-18 03:39:07
55,Sheboygan,43.73,-87.93,28.4,86,90,3.36,US,overcast clouds,2020-12-18 03:39:07
56,Waipawa,-41.41,175.52,69.8,64,1,28.86,NZ,clear sky,2020-12-18 03:39:07
57,Vaini,-21.2,-175.2,75.2,94,90,14.99,TO,moderate rain,2020-12-18 03:39:07
58,Ballina,-28.87,153.57,89.6,74,13,14.99,AU,few clouds,2020-12-18 03:38:20
59,Xinmin,41.99,122.83,17.6,31,0,11.18,CN,clear sky,2020-12-18 03:39:07
60,Norman Wells,65.28,-126.83,-49.0,63,20,3.36,CA,mist,2020-12-18 03:38:22
61,Pimenta Bueno,-11.67,-61.19,76.12,76,17,1.83,BR,few clouds,2020-12-18 03:39:07
62,Hervey Bay,-25.3,152.85,84.2,66,90,11.41,AU,overcast clouds,2020-12-18 03:39:08
63,Borovoy,55.43,86.08,14.0,66,0,8.95,RU,clear sky,2020-12-18 03:39:08
64,Carandai,-20.95,-43.81,64.81,97,98,1.9,BR,overcast clouds,2020-12-18 03:39:08
65,Laguna,38.42,-121.42,51.01,76,1,5.82,US,clear sky,2020-12-18 03:39:08
66,Nemuro,43.32,145.57,30.2,33,20,12.75,JP,few clouds,2020-12-18 03:39:08
67,Mizan Teferi,6.98,35.58,63.27,67,75,2.73,ET,broken clouds,2020-12-18 03:39:08
68,Le Port,-20.94,55.29,75.2,88,75,16.11,RE,broken clouds,2020-12-18 03:37:19
69,Batemans Bay,-35.72,150.18,79.0,47,75,8.99,AU,broken clouds,2020-12-18 03:39:09
70,Mwandiga,-4.83,29.66,68.63,92,100,3.76,TZ,moderate rain,2020-12-18 03:39:09
71,Chokurdakh,70.63,147.92,-6.81,91,100,12.73,RU,overcast clouds,2020-12-18 03:39:09
72,Qarqin,37.42,66.04,37.22,67,18,12.03,AF,few clouds,2020-12-18 03:39:09
73,Cherskiy,68.75,161.3,-24.97,86,21,3.78,RU,few clouds,2020-12-18 03:39:09
74,Yining,29.04,114.56,39.78,83,100,0.94,CN,overcast clouds,2020-12-18 03:39:09
75,Kruisfontein,-34.0,24.73,64.99,91,62,1.01,ZA,broken clouds,2020-12-18 03:39:09
76,Khatanga,71.97,102.5,-24.03,80,0,11.86,RU,clear sky,2020-12-18 03:39:10
77,Kingman,35.19,-114.05,46.99,32,20,9.17,US,few clouds,2020-12-18 03:39:10
78,Provideniya,64.38,-173.3,12.2,72,75,33.55,RU,heavy snow,2020-12-18 03:39:10
79,Ambilobe,-13.2,49.05,79.16,76,97,1.1,MG,overcast clouds,2020-12-18 03:39:10
80,Sabha,27.04,14.43,48.9,58,71,10.45,LY,broken clouds,2020-12-18 03:39:10
81,Touros,-5.2,-35.46,78.8,83,40,8.05,BR,scattered clouds,2020-12-18 03:39:10
82,Kirakira,-10.45,161.92,83.77,75,34,4.27,SB,moderate rain,2020-12-18 03:39:10
83,Bethel,41.37,-73.41,25.0,73,75,6.93,US,broken clouds,2020-12-18 03:39:11
84,San Matias,-16.37,-58.4,81.34,60,45,3.47,BO,scattered clouds,2020-12-18 03:39:11
85,Ribeira Grande,38.52,-28.7,61.97,74,100,21.88,PT,overcast clouds,2020-12-18 03:39:11
86,Phonhong,18.5,102.42,71.6,68,90,2.24,LA,overcast clouds,2020-12-18 03:39:12
87,Kaitangata,-46.28,169.85,64.0,79,100,4.0,NZ,overcast clouds,2020-12-18 03:39:13
88,Leningradskiy,69.38,178.42,10.81,94,100,13.71,RU,light snow,2020-12-18 03:39:13
89,Okhotsk,59.38,143.3,-12.01,83,0,16.67,RU,clear sky,2020-12-18 03:39:14
90,Robe,-37.18,139.75,59.59,61,9,12.5,AU,clear sky,2020-12-18 03:39:14
91,Thompson,55.74,-97.86,-4.0,83,90,6.93,CA,light snow,2020-12-18 03:39:01
92,Snyder,32.72,-100.92,44.6,36,1,11.41,US,clear sky,2020-12-18 03:39:15
93,La Sarre,48.8,-79.2,5.45,89,62,4.25,CA,broken clouds,2020-12-18 03:39:16
94,Lata,40.16,-8.33,48.0,89,29,1.01,PT,scattered clouds,2020-12-18 03:39:16
95,La Ronge,55.1,-105.28,3.2,77,100,12.75,CA,light snow,2020-12-18 03:39:16
96,Pangoa,-12.12,-73.0,66.96,95,100,2.26,PE,light rain,2020-12-18 03:39:16
97,Bambous Virieux,-20.34,57.76,79.0,78,40,13.87,MU,shower rain,2020-12-18 03:39:16
98,Las Vegas,36.17,-115.14,50.0,76,1,3.36,US,clear sky,2020-12-18 03:35:05
99,Disna,55.57,28.2,33.06,95,100,7.4,BY,overcast clouds,2020-12-18 03:39:17
100,Nikolskoye,59.7,30.79,30.99,92,90,8.95,RU,overcast clouds,2020-12-18 03:39:17
101,Lagoa,39.05,-27.98,61.5,70,98,29.71,PT,overcast clouds,2020-12-18 03:39:17
102,Pitimbu,-7.47,-34.81,78.8,83,20,4.7,BR,few clouds,2020-12-18 03:39:05
103,Dolni Bousov,50.44,15.13,36.0,88,3,2.59,CZ,clear sky,2020-12-18 03:39:17
104,Yulara,-25.24,130.99,91.4,27,75,19.46,AU,broken clouds,2020-12-18 03:39:18
105,Port-Gentil,-0.72,8.78,78.01,86,100,12.95,GA,light rain,2020-12-18 03:39:18
106,Husavik,66.04,-17.34,35.6,92,90,13.87,IS,light rain,2020-12-18 03:39:18
107,San-Pedro,4.75,-6.64,76.46,89,76,5.23,CI,moderate rain,2020-12-18 03:39:18
108,Ilulissat,69.22,-51.1,17.6,72,74,9.17,GL,broken clouds,2020-12-18 03:39:18
109,Arraial Do Cabo,-22.97,-42.03,77.0,83,75,14.99,BR,broken clouds,2020-12-18 03:37:39
110,Marolambo,-20.05,48.12,74.16,80,3,0.49,MG,clear sky,2020-12-18 03:34:34
111,Isangel,-19.55,169.27,86.0,62,75,13.87,VU,broken clouds,2020-12-18 03:39:19
112,Pevek,69.7,170.31,4.23,89,54,9.13,RU,broken clouds,2020-12-18 03:39:19
113,Nenjiang,49.18,125.22,0.84,81,12,16.24,CN,few clouds,2020-12-18 03:39:19
114,Wanning,18.8,110.4,66.43,82,95,15.7,CN,overcast clouds,2020-12-18 03:39:19
115,Dawei,14.08,98.2,88.23,52,64,3.74,MM,broken clouds,2020-12-18 03:39:19
116,Taoudenni,22.68,-3.98,60.57,45,0,6.69,ML,clear sky,2020-12-18 03:39:19
117,Baiyin,36.56,104.21,21.2,48,0,2.24,CN,clear sky,2020-12-18 03:36:29
118,Thunder Bay,48.4,-89.32,24.01,100,75,10.29,CA,broken clouds,2020-12-18 03:34:55
119,Tuktoyaktuk,69.45,-133.04,-16.6,75,75,12.75,CA,light snow,2020-12-18 03:39:20
120,Kapaa,22.08,-159.32,78.8,69,40,13.87,US,light rain,2020-12-18 03:37:33
121,Avarua,-21.21,-159.78,80.6,83,100,5.82,CK,light rain,2020-12-18 03:39:20
122,Alta Floresta,-9.88,-56.09,71.98,94,62,2.98,BR,broken clouds,2020-12-18 03:39:20
123,Bluff,-46.6,168.33,66.0,71,100,8.01,NZ,overcast clouds,2020-12-18 03:39:20
124,Nishihara,26.18,127.76,68.0,63,90,16.11,JP,light intensity shower rain,2020-12-18 03:39:20
125,Smithers,54.78,-127.17,30.2,92,90,6.93,CA,overcast clouds,2020-12-18 03:37:45
126,Jardim,-21.48,-56.14,74.43,90,79,3.67,BR,broken clouds,2020-12-18 03:39:21
127,Severo-Kurilsk,50.68,156.12,31.78,93,42,5.37,RU,scattered clouds,2020-12-18 03:39:21
128,Faya,18.39,42.45,53.6,87,20,6.93,SA,few clouds,2020-12-18 03:39:21
129,Skerries,53.58,-6.11,50.0,87,40,6.93,IE,scattered clouds,2020-12-18 03:39:22
130,Yar-Sale,66.83,70.83,-7.26,88,94,17.4,RU,overcast clouds,2020-12-18 03:39:22
131,Rocha,-34.48,-54.33,64.15,95,38,8.03,UY,scattered clouds,2020-12-18 03:39:23
132,Meulaboh,4.14,96.13,82.62,73,82,5.32,ID,broken clouds,2020-12-18 03:37:45
133,Chernyshkovskiy,48.42,42.23,28.94,98,100,7.63,RU,overcast clouds,2020-12-18 03:39:23
134,Jijiga,9.35,42.8,55.42,48,0,2.62,ET,clear sky,2020-12-18 03:39:23
135,Shadrinsk,56.09,63.63,14.97,96,100,9.6,RU,overcast clouds,2020-12-18 03:39:23
136,Altay,47.87,88.12,8.78,73,2,1.77,CN,clear sky,2020-12-18 03:39:23
137,La Palma,33.85,-118.05,57.2,67,1,3.2,US,clear sky,2020-12-18 03:39:24
138,Tiksi,71.69,128.87,-18.87,88,100,5.97,RU,overcast clouds,2020-12-18 03:39:24
139,Dasoguz,41.84,59.97,15.8,78,0,9.17,TM,clear sky,2020-12-18 03:38:08
140,Yarega,63.44,53.58,2.88,95,93,6.62,RU,overcast clouds,2020-12-18 03:39:24
141,Tual,-5.67,132.75,84.97,75,100,17.74,ID,light rain,2020-12-18 03:39:12
142,Hastings,50.86,0.57,52.0,79,77,15.01,GB,broken clouds,2020-12-18 03:39:24
143,Meadow Lake,34.8,-106.54,37.4,44,75,3.36,US,broken clouds,2020-12-18 03:39:25
144,Kankon,15.02,74.02,77.0,73,20,8.05,IN,few clouds,2020-12-18 03:39:25
145,Seguela,7.96,-6.67,74.37,84,99,5.73,CI,overcast clouds,2020-12-18 03:39:25
146,Fortuna,40.6,-124.16,44.6,93,1,3.36,US,clear sky,2020-12-18 03:39:25
147,Porto Torres,40.84,8.4,50.0,100,0,2.24,IT,clear sky,2020-12-18 03:39:25
148,Quimper,48.0,-4.1,51.8,100,90,18.34,FR,overcast clouds,2020-12-18 03:39:25
149,Langsa,4.47,97.97,83.28,72,100,4.05,ID,light rain,2020-12-18 03:39:25
150,Changji,44.02,87.32,-2.2,84,75,2.24,CN,fog,2020-12-18 03:39:26
151,Hithadhoo,-0.6,73.08,81.43,76,15,11.68,MV,few clouds,2020-12-18 03:39:26
152,Katsuura,35.13,140.3,54.0,49,40,4.7,JP,scattered clouds,2020-12-18 03:39:26
153,Kokstad,-30.55,29.42,58.12,86,24,2.3,ZA,few clouds,2020-12-18 03:39:26
154,Victoria,22.29,114.16,64.0,70,64,1.01,HK,broken clouds,2020-12-18 03:39:02
155,Ancud,-41.87,-73.82,54.0,87,0,4.7,CL,clear sky,2020-12-18 03:39:26
156,Kozhva,65.11,57.05,2.46,94,100,4.65,RU,overcast clouds,2020-12-18 03:39:27
157,Rawson,-43.3,-65.1,63.32,49,2,11.5,AR,clear sky,2020-12-18 03:39:27
158,Peniche,39.36,-9.38,50.0,92,67,11.21,PT,broken clouds,2020-12-18 03:39:27
159,Port Elizabeth,-33.92,25.57,66.2,82,75,3.36,ZA,broken clouds,2020-12-18 03:39:27
160,Sao Joao Da Barra,-21.64,-41.05,76.01,82,100,17.81,BR,overcast clouds,2020-12-18 03:39:27
161,Sumbe,-11.21,13.84,73.51,78,100,0.83,AO,overcast clouds,2020-12-18 03:39:28
162,Denpasar,-8.65,115.22,84.2,79,40,10.29,ID,scattered clouds,2020-12-18 03:39:28
163,Saint-Pierre,-21.34,55.48,77.0,78,90,5.82,RE,overcast clouds,2020-12-18 03:39:29
164,Vila Franca Do Campo,37.72,-25.43,62.6,93,75,17.22,PT,broken clouds,2020-12-18 03:39:29
165,Qaanaaq,77.48,-69.36,11.25,92,100,1.92,GL,light snow,2020-12-18 03:39:29
166,Wawa,9.9,4.42,68.27,27,23,3.49,NG,few clouds,2020-12-18 03:39:30
167,Butaritari,3.07,172.79,81.21,81,92,12.53,KI,moderate rain,2020-12-18 03:39:30
168,Gao,16.64,1.64,71.28,22,45,8.61,ML,scattered clouds,2020-12-18 03:39:31
169,Svetlyy,54.67,20.13,39.2,100,90,11.18,RU,mist,2020-12-18 03:39:31
170,Graciano Sanchez,23.92,-99.28,62.6,51,75,2.06,MX,broken clouds,2020-12-18 03:39:32
171,Winneba,5.35,-0.62,78.8,88,0,6.93,GH,clear sky,2020-12-18 03:39:32
172,Auki,-8.77,160.7,86.4,66,79,7.25,SB,broken clouds,2020-12-18 03:39:32
173,Kavieng,-2.57,150.8,85.64,69,89,9.64,PG,overcast clouds,2020-12-18 03:39:32
174,Miguel Calmon,-11.43,-40.59,67.15,94,15,3.06,BR,few clouds,2020-12-18 03:39:33
175,Trincomalee,8.57,81.23,78.22,83,99,8.08,LK,moderate rain,2020-12-18 03:39:33
176,Sistranda,63.73,8.83,42.8,70,75,11.41,NO,broken clouds,2020-12-18 03:39:33
177,Kattivakkam,13.22,80.32,82.4,83,75,5.82,IN,mist,2020-12-18 03:39:33
178,Padang,-0.95,100.35,83.86,62,94,3.33,ID,moderate rain,2020-12-18 03:39:33
179,Poum,-20.23,164.02,79.38,67,83,9.37,NC,broken clouds,2020-12-18 03:39:34
180,Byron Bay,-28.65,153.62,89.01,74,21,14.99,AU,few clouds,2020-12-18 03:37:13
181,Georgetown,5.41,100.34,82.4,83,40,2.24,MY,scattered clouds,2020-12-18 03:39:34
182,Keti Bandar,24.14,67.45,62.89,28,0,11.16,PK,clear sky,2020-12-18 03:39:34
183,Lompoc,34.64,-120.46,51.8,81,1,9.17,US,clear sky,2020-12-18 03:39:34
184,Saint-Augustin,51.23,-58.65,23.81,94,96,7.83,CA,overcast clouds,2020-12-18 03:39:34
185,Mount Gambier,-37.83,140.77,62.6,45,90,12.75,AU,overcast clouds,2020-12-18 03:39:34
186,Hokitika,-42.72,170.97,63.61,82,84,6.4,NZ,broken clouds,2020-12-18 03:39:35
187,Malinovoye Ozero,51.68,79.78,14.86,93,100,11.23,RU,overcast clouds,2020-12-18 03:39:35
188,Grand Gaube,-20.01,57.66,79.0,77,20,8.99,MU,few clouds,2020-12-18 03:39:35
189,Sangar,63.92,127.47,-38.09,81,100,0.96,RU,overcast clouds,2020-12-18 03:39:35
190,Perelyub,51.87,50.37,20.48,98,98,8.1,RU,overcast clouds,2020-12-18 03:39:35
191,Nkhotakota,-12.93,34.3,74.98,80,91,2.26,MW,light rain,2020-12-18 03:39:35
192,Praia Da Vitoria,38.73,-27.07,62.6,67,40,13.47,PT,scattered clouds,2020-12-18 03:39:35
193,Sarkand,45.41,79.92,17.47,70,1,2.42,KZ,clear sky,2020-12-18 03:39:36
194,Santa Rosa,14.31,121.11,86.0,78,75,4.7,PH,broken clouds,2020-12-18 03:39:36
195,Kholmogory,64.22,41.66,6.8,84,75,3.04,RU,broken clouds,2020-12-18 03:39:36
196,Poquoson,37.12,-76.35,39.99,80,90,5.82,US,overcast clouds,2020-12-18 03:39:36
197,Palmer,42.16,-72.33,21.99,59,95,1.99,US,overcast clouds,2020-12-18 03:36:09
198,Rawah,34.48,41.91,52.72,75,1,4.61,IQ,clear sky,2020-12-18 03:39:36
199,Ciudad Bolivar,8.12,-63.55,76.24,83,65,8.32,VE,broken clouds,2020-12-18 03:39:36
200,Bud,39.45,-86.18,30.99,86,90,4.38,US,overcast clouds,2020-12-18 03:39:37
201,Kiama,-34.68,150.87,84.0,63,99,7.7,AU,overcast clouds,2020-12-18 03:38:21
202,Bagdarin,54.43,113.6,-6.02,77,100,1.77,RU,overcast clouds,2020-12-18 03:39:37
203,Port Hedland,-20.32,118.57,91.4,63,7,16.11,AU,clear sky,2020-12-18 03:39:37
204,Japura,-0.32,102.35,85.64,63,100,4.38,ID,overcast clouds,2020-12-18 03:39:37
205,Lorengau,-2.02,147.27,85.28,72,98,7.52,PG,light rain,2020-12-18 03:39:37
206,Halifax,44.65,-63.57,28.0,100,100,8.05,CA,snow,2020-12-18 03:39:37
207,Palafrugell,41.92,3.16,54.0,29,80,5.23,ES,broken clouds,2020-12-18 03:39:38
208,Ayna,-12.65,-73.92,58.82,75,82,2.48,PE,broken clouds,2020-12-18 03:39:38
209,Davila,18.47,120.58,86.0,66,75,5.82,PH,broken clouds,2020-12-18 03:39:38
210,Hobart,-42.88,147.33,68.0,87,75,8.05,AU,broken clouds,2020-12-18 03:38:34
211,Chiang Khong,20.26,100.4,75.2,73,0,2.24,TH,clear sky,2020-12-18 03:39:38
212,Kendari,-3.94,122.5,83.03,72,100,6.11,ID,overcast clouds,2020-12-18 03:39:38
213,Lukaya,-0.15,31.87,71.6,88,20,2.24,UG,few clouds,2020-12-18 03:39:39
214,Faanui,-16.48,-151.75,79.75,79,87,13.51,PF,light rain,2020-12-18 03:39:39
215,Coihaique,-45.58,-72.07,55.4,62,90,1.12,CL,overcast clouds,2020-12-18 03:39:39
216,Viedma,-40.81,-63.0,61.0,72,28,11.45,AR,scattered clouds,2020-12-18 03:36:01
217,Anadyr,64.75,177.48,10.4,72,40,6.71,RU,scattered clouds,2020-12-18 03:39:39
218,Souillac,-20.52,57.52,78.8,78,40,13.87,MU,shower rain,2020-12-18 03:39:39
219,Upernavik,72.79,-56.15,9.45,85,96,3.36,GL,overcast clouds,2020-12-18 03:39:39
220,Manokwari,-0.87,134.08,84.67,72,97,4.7,ID,overcast clouds,2020-12-18 03:39:40
221,Peace River,56.25,-117.29,-11.2,63,75,8.05,CA,broken clouds,2020-12-18 03:39:40
222,Mezen,65.85,44.24,15.67,95,4,4.27,RU,clear sky,2020-12-18 03:39:40
223,Uray,60.12,64.78,19.22,98,100,5.68,RU,light snow,2020-12-18 03:39:40
224,Sesheke,-17.48,24.3,69.8,100,100,2.24,ZM,light rain,2020-12-18 03:39:40
225,Margate,51.38,1.39,52.0,80,91,5.01,GB,overcast clouds,2020-12-18 03:39:40
226,Huilong,31.81,121.66,45.0,76,85,3.0,CN,overcast clouds,2020-12-18 03:39:41
227,Brae,60.4,-1.35,48.2,93,100,16.11,GB,light rain,2020-12-18 03:39:41
228,San Quintin,30.48,-115.95,58.46,82,100,13.6,MX,overcast clouds,2020-12-18 03:39:41
229,Luderitz,-26.65,15.16,60.8,87,0,18.34,NA,clear sky,2020-12-18 03:39:41
230,Adrar,20.5,-10.07,58.93,50,0,10.78,MR,clear sky,2020-12-18 03:39:41
231,Salinopolis,-0.61,-47.36,79.47,84,96,9.48,BR,light rain,2020-12-18 03:39:41
232,Aklavik,68.22,-135.01,-27.4,67,3,3.36,CA,clear sky,2020-12-18 03:39:41
233,Tuatapere,-46.13,167.68,66.0,71,100,8.01,NZ,overcast clouds,2020-12-18 03:39:42
234,Madang,-5.22,145.8,85.46,72,71,7.34,PG,light rain,2020-12-18 03:39:42
235,Dunedin,-45.87,170.5,70.0,66,100,8.01,NZ,overcast clouds,2020-12-18 03:35:05
236,Caxito,-8.58,13.66,75.2,83,75,5.82,AO,broken clouds,2020-12-18 03:39:42
237,Hermanus,-34.42,19.23,57.0,88,0,1.01,ZA,clear sky,2020-12-18 03:39:42
238,Olafsvik,64.89,-23.71,37.18,82,99,37.47,IS,light rain,2020-12-18 03:39:42
239,Comodoro Rivadavia,-45.87,-67.5,60.8,67,0,5.82,AR,clear sky,2020-12-18 03:37:56
240,Flinders,-34.58,150.86,84.0,63,99,8.19,AU,overcast clouds,2020-12-18 03:39:42
241,Hofn,64.25,-15.21,40.96,88,100,20.11,IS,overcast clouds,2020-12-18 03:39:43
242,Bathsheba,13.22,-59.52,78.8,78,20,17.22,BB,few clouds,2020-12-18 03:39:43
243,Caravelas,-17.71,-39.25,72.93,93,49,3.83,BR,scattered clouds,2020-12-18 03:39:43
244,Aitape,-3.14,142.35,86.18,65,20,5.37,PG,few clouds,2020-12-18 03:39:43
245,Tiarei,-17.53,-149.33,84.2,66,20,13.87,PF,few clouds,2020-12-18 03:39:43
246,Paamiut,61.99,-49.67,29.26,95,100,22.84,GL,overcast clouds,2020-12-18 03:38:43
247,Xiashi,30.54,120.69,44.01,93,75,8.95,CN,mist,2020-12-18 03:39:44
248,San,13.3,-4.9,72.16,22,77,5.97,ML,broken clouds,2020-12-18 03:39:44
249,Port Hardy,50.7,-127.42,44.6,93,90,4.7,CA,light intensity shower rain,2020-12-18 03:39:44
250,Tasiilaq,65.61,-37.64,21.2,67,2,2.75,GL,clear sky,2020-12-18 03:39:44
251,Caracollo,-14.92,-70.66,45.32,74,79,1.19,PE,broken clouds,2020-12-18 03:39:44
252,San Juan,-31.54,-68.54,79.0,47,0,18.43,AR,clear sky,2020-12-18 03:39:45
253,Mpongwe,-13.51,28.16,64.72,97,100,3.85,ZM,moderate rain,2020-12-18 03:39:45
254,Pombas,17.15,-25.02,71.6,68,75,20.8,CV,broken clouds,2020-12-18 03:39:45
255,Ostrovnoy,68.05,39.51,16.95,94,99,6.91,RU,overcast clouds,2020-12-18 03:39:46
256,Pochutla,15.74,-96.47,73.99,83,0,2.42,MX,clear sky,2020-12-18 03:39:47
257,Ugoofaaru,5.67,73.0,82.08,69,11,3.89,MV,few clouds,2020-12-18 03:39:48
258,Marsaxlokk,35.84,14.54,60.01,82,40,5.82,MT,scattered clouds,2020-12-18 03:39:48
259,Kenai,60.55,-151.26,21.0,73,40,11.41,US,scattered clouds,2020-12-18 03:39:49
260,Goderich,43.75,-81.72,26.6,86,100,2.24,CA,overcast clouds,2020-12-18 03:39:49
261,Mashhad,36.3,59.61,39.2,86,90,1.7,IR,overcast clouds,2020-12-18 03:36:15
262,Nanortalik,60.14,-45.24,30.31,96,36,3.6,GL,scattered clouds,2020-12-18 03:39:49
263,Maningrida,-12.07,134.27,83.86,76,100,13.6,AU,moderate rain,2020-12-18 03:39:50
264,Zwedru,6.07,-8.13,72.27,96,65,3.0,LR,broken clouds,2020-12-18 03:39:50
265,Fukue,32.69,128.84,50.0,53,40,10.29,JP,scattered clouds,2020-12-18 03:39:50
266,Half Moon Bay,37.46,-122.43,50.0,87,20,8.05,US,mist,2020-12-18 03:39:50
267,Vanino,49.09,140.25,5.49,72,100,10.89,RU,overcast clouds,2020-12-18 03:39:50
268,Sabang,5.89,95.32,79.14,86,100,17.18,ID,light rain,2020-12-18 03:39:51
269,Krasnoselkup,65.7,82.47,-0.92,92,100,15.84,RU,overcast clouds,2020-12-18 03:39:51
270,Kharan,28.58,65.42,54.27,34,0,3.27,PK,clear sky,2020-12-18 03:39:51
271,Ahuimanu,21.44,-157.84,80.6,73,40,11.41,US,scattered clouds,2020-12-18 03:39:51
272,Prince Rupert,54.32,-130.32,41.0,93,90,23.04,CA,mist,2020-12-18 03:39:51
273,Talnakh,69.49,88.4,-0.4,77,40,20.13,RU,light snow,2020-12-18 03:37:26
274,Lop Buri,14.8,100.65,80.01,64,12,7.0,TH,few clouds,2020-12-18 03:39:51
275,Lumeje,-11.55,20.78,65.16,95,100,5.75,AO,overcast clouds,2020-12-18 03:39:52
276,Nanning,22.82,108.32,48.2,70,90,11.18,CN,overcast clouds,2020-12-18 03:39:52
277,Heihe,50.24,127.49,-2.2,40,20,17.9,CN,few clouds,2020-12-18 03:39:52
278,Wuda,39.5,106.71,19.29,75,95,2.1,CN,overcast clouds,2020-12-18 03:39:52
279,Barcs,45.96,17.46,33.69,93,81,0.76,HU,broken clouds,2020-12-18 03:39:52
280,Abha,18.22,42.51,53.6,87,20,6.93,SA,few clouds,2020-12-18 03:39:53
281,Klaksvik,62.23,-6.59,44.6,100,76,19.46,FO,light rain,2020-12-18 03:39:53
282,Elbrus,43.26,42.64,24.1,66,53,5.48,RU,broken clouds,2020-12-18 03:39:53
283,Muros,42.78,-9.06,55.0,93,100,15.99,ES,overcast clouds,2020-12-18 03:39:53
284,Nicoya,10.15,-85.45,80.6,65,0,23.04,CR,clear sky,2020-12-18 03:35:56
285,Vinh,18.67,105.67,57.74,74,100,9.24,VN,overcast clouds,2020-12-18 03:39:53
286,Lebu,-37.62,-73.65,53.92,93,13,14.38,CL,few clouds,2020-12-18 03:39:53
287,Polessk,54.86,21.1,39.2,100,90,11.18,RU,mist,2020-12-18 03:39:54
288,Nakusp,50.25,-117.8,33.8,100,66,4.7,CA,broken clouds,2020-12-18 03:39:54
289,Camana,-16.62,-72.71,68.22,75,96,6.67,PE,overcast clouds,2020-12-18 03:39:54
290,Ternate,0.8,127.4,85.51,67,86,5.93,ID,overcast clouds,2020-12-18 03:39:54
291,Pakokku,21.33,95.1,79.07,55,0,7.94,MM,clear sky,2020-12-18 03:39:32
292,Hamilton,39.18,-84.53,32.0,92,90,6.93,US,light snow,2020-12-18 03:39:54
293,Bulgan,48.81,103.53,6.49,86,5,3.44,MN,clear sky,2020-12-18 03:39:54
294,Araripina,-7.58,-40.5,72.66,68,24,4.52,BR,few clouds,2020-12-18 03:39:54
295,Te Anau,-45.42,167.72,62.82,59,95,9.35,NZ,overcast clouds,2020-12-18 03:39:55
296,Sao Desiderio,-12.36,-44.97,70.72,75,15,2.13,BR,few clouds,2020-12-18 03:39:55
297,Lima,-12.04,-77.03,68.0,82,0,17.22,PE,clear sky,2020-12-18 03:39:26
298,Gat,31.61,34.76,55.0,100,13,1.01,IL,few clouds,2020-12-18 03:39:55
299,Malakal,9.53,31.66,68.76,23,39,6.55,SS,scattered clouds,2020-12-18 03:39:55
300,Lakes Entrance,-37.88,147.98,69.01,56,90,3.0,AU,overcast clouds,2020-12-18 03:39:55
301,San Cristobal,7.77,-72.22,64.38,88,80,1.41,VE,broken clouds,2020-12-18 03:39:55
302,Santiago Del Estero,-27.8,-64.26,82.0,56,24,4.0,AR,few clouds,2020-12-18 03:39:56
303,Santa Maria,-29.68,-53.81,75.2,83,0,9.17,BR,clear sky,2020-12-18 03:36:37
304,Saint-Georges,12.06,-61.75,78.8,83,20,8.05,GD,few clouds,2020-12-18 03:35:57
305,Taltal,-25.4,-70.48,61.34,76,24,0.25,CL,few clouds,2020-12-18 03:39:56
306,Wageningen,51.97,5.67,44.01,100,90,10.29,NL,overcast clouds,2020-12-18 03:39:56
307,Dutse,11.76,9.34,57.0,37,53,3.44,NG,broken clouds,2020-12-18 03:39:56
308,Baker City,44.77,-117.83,37.4,69,90,3.36,US,overcast clouds,2020-12-18 03:36:29
309,Witu,-2.39,40.44,75.58,88,3,3.18,KE,clear sky,2020-12-18 03:39:57
310,Saskylakh,71.92,114.08,-32.48,82,7,4.61,RU,clear sky,2020-12-18 03:39:57
311,Roma,43.21,-75.46,21.2,67,90,1.19,US,overcast clouds,2020-12-18 03:36:16
312,Port Lincoln,-34.73,135.87,63.72,48,44,9.93,AU,scattered clouds,2020-12-18 03:39:57
313,Namatanai,-3.67,152.43,83.93,75,78,8.93,PG,moderate rain,2020-12-18 03:39:57
314,Morada Nova,-5.11,-38.37,77.67,78,19,6.76,BR,few clouds,2020-12-18 03:39:57
315,Zenzeli,45.92,47.05,30.56,94,74,9.48,RU,broken clouds,2020-12-18 03:39:57
316,Bull Savanna,17.89,-77.59,72.99,85,12,4.43,JM,few clouds,2020-12-18 03:39:57
317,Iqaluit,63.75,-68.51,3.2,71,90,16.11,CA,light snow,2020-12-18 03:39:58
318,Vila Velha,-20.33,-40.29,75.99,83,0,5.82,BR,clear sky,2020-12-18 03:39:58
319,Waitati,-45.75,170.57,69.01,82,100,11.01,NZ,light rain,2020-12-18 03:39:58
320,Olivenza,38.68,-7.1,41.0,96,1,2.04,ES,clear sky,2020-12-18 03:39:58
321,Kailua,21.4,-157.74,80.6,73,40,11.41,US,scattered clouds,2020-12-18 03:39:58
322,Nome,64.5,-165.41,-2.0,53,1,10.29,US,clear sky,2020-12-18 03:39:58
323,Charleston,32.78,-79.93,43.0,81,90,8.05,US,overcast clouds,2020-12-18 03:39:58
324,Hasaki,35.73,140.83,55.0,37,75,4.7,JP,broken clouds,2020-12-18 03:39:58
325,Buala,-8.14,159.59,84.54,76,83,7.47,SB,moderate rain,2020-12-18 03:39:59
326,Vostok,46.49,135.88,-1.05,91,100,10.69,RU,light snow,2020-12-18 03:39:59
327,Muisne,0.6,-80.03,74.26,88,69,6.67,EC,broken clouds,2020-12-18 03:39:59
328,Sivas,39.79,37.0,26.6,100,75,4.7,TR,mist,2020-12-18 03:39:59
329,Poros,37.5,23.45,55.99,100,7,6.8,GR,clear sky,2020-12-18 03:39:59
330,Kirkwall,58.98,-2.96,46.4,93,40,18.34,GB,scattered clouds,2020-12-18 03:39:59
331,Luwuk,-0.95,122.79,89.76,58,100,1.5,ID,overcast clouds,2020-12-18 03:39:59
332,Bara,10.37,10.73,66.04,28,75,6.13,NG,broken clouds,2020-12-18 03:40:00
333,Zhanakorgan,43.91,67.25,24.04,76,0,1.79,KZ,clear sky,2020-12-18 03:40:00
334,Diego De Almagro,-26.37,-70.05,57.51,44,0,0.74,CL,clear sky,2020-12-18 03:40:00
335,Pingliang,35.54,106.69,25.57,69,100,6.22,CN,overcast clouds,2020-12-18 03:40:00
336,Fereydun Kenar,36.69,52.52,52.27,83,98,2.53,IR,overcast clouds,2020-12-18 03:40:00
337,Klang,3.03,101.45,84.99,83,20,3.36,MY,few clouds,2020-12-18 03:40:01
338,Pisco,-13.7,-76.22,66.2,88,0,14.99,PE,clear sky,2020-12-18 03:40:01
339,Longkou,37.65,120.33,31.23,90,100,21.23,CN,overcast clouds,2020-12-18 03:40:02
340,Collie,-33.37,116.15,75.99,35,0,3.0,AU,clear sky,2020-12-18 03:40:03
341,Flin Flon,54.77,-101.86,15.35,97,100,5.21,CA,snow,2020-12-18 03:40:03
342,Jaguaribe,-5.89,-38.62,78.28,72,3,9.42,BR,clear sky,2020-12-18 03:40:04
343,Vao,-22.67,167.48,76.08,76,28,17.83,NC,scattered clouds,2020-12-18 03:40:04
344,Tynset,62.28,10.78,26.6,92,100,5.82,NO,overcast clouds,2020-12-18 03:40:05
345,Naze,28.37,129.48,62.6,59,75,12.75,JP,broken clouds,2020-12-18 03:40:05
346,Lasa,46.62,10.7,34.0,84,0,2.24,IT,clear sky,2020-12-18 03:40:05
347,Waingapu,-9.66,120.26,85.66,68,100,6.33,ID,light rain,2020-12-18 03:37:11
348,Los Llanos De Aridane,28.66,-17.92,62.6,67,0,9.17,ES,clear sky,2020-12-18 03:36:11
349,Berlevag,70.86,29.09,20.91,91,28,21.65,NO,scattered clouds,2020-12-18 03:40:06
350,Mahebourg,-20.41,57.7,78.8,78,40,13.87,MU,shower rain,2020-12-18 03:40:06
351,Batagay,67.63,134.63,-38.74,79,92,1.86,RU,overcast clouds,2020-12-18 03:40:06
352,Cruzeiro Do Oeste,-23.79,-53.07,69.57,97,43,5.37,BR,scattered clouds,2020-12-18 03:40:06
353,Butembo,0.15,29.28,62.13,67,100,1.92,CD,overcast clouds,2020-12-18 03:40:06
354,Pietarsaari,63.65,22.68,27.0,92,0,8.05,FI,clear sky,2020-12-18 03:40:07
355,Muscat,23.61,58.59,62.6,59,20,3.36,OM,few clouds,2020-12-18 03:38:32
356,Chardara,41.25,67.97,34.79,69,0,5.91,KZ,clear sky,2020-12-18 03:40:07
357,Mezhdurechensk,53.69,88.06,18.1,94,100,3.06,RU,overcast clouds,2020-12-18 03:40:07
358,Boca Do Acre,-8.75,-67.4,75.27,83,29,1.3,BR,scattered clouds,2020-12-18 03:40:08
359,Mackay,-21.15,149.2,89.01,62,27,12.75,AU,scattered clouds,2020-12-18 03:40:08
360,Niteroi,-22.88,-43.1,78.8,88,40,3.36,BR,light rain,2020-12-18 03:38:32
361,Tahe,52.33,124.73,-6.18,77,73,14.27,CN,broken clouds,2020-12-18 03:40:08
362,Osmena,10.52,119.93,82.89,76,100,22.12,PH,overcast clouds,2020-12-18 03:40:08
363,Vieux-Habitants,16.06,-61.77,77.0,83,0,8.05,GP,clear sky,2020-12-18 03:40:09
364,Ulaanbaatar,47.91,106.88,-14.8,68,0,2.24,MN,smoke,2020-12-18 03:39:34
365,Yelniki,54.62,43.88,28.94,97,97,11.14,RU,overcast clouds,2020-12-18 03:40:09
366,Raga,8.46,25.68,58.33,35,2,3.69,SS,clear sky,2020-12-18 03:40:09
367,Aquiraz,-3.9,-38.39,80.6,83,40,10.29,BR,scattered clouds,2020-12-18 03:40:09
368,Latung,5.5,120.88,82.11,80,56,15.88,PH,light rain,2020-12-18 03:40:09
369,Dongkan,34.0,119.83,44.24,56,95,10.2,CN,overcast clouds,2020-12-18 03:40:10
370,Saint-Joseph,-21.37,55.62,77.0,78,90,5.82,RE,overcast clouds,2020-12-18 03:40:10
371,Narsaq,60.92,-46.05,30.2,54,13,8.05,GL,few clouds,2020-12-18 03:40:10
372,Selenduma,50.91,106.24,-0.35,84,41,5.06,RU,scattered clouds,2020-12-18 03:40:10
373,Ilhabela,-23.78,-45.36,75.2,87,100,3.56,BR,overcast clouds,2020-12-18 03:40:10
374,Bac Lieu,9.29,105.72,84.04,69,76,7.81,VN,broken clouds,2020-12-18 03:40:10
375,Noumea,-22.28,166.46,84.2,54,90,21.92,NC,overcast clouds,2020-12-18 03:39:30
376,Karasjok,69.47,25.51,8.6,78,68,43.62,NO,broken clouds,2020-12-18 03:40:11
377,Butte,39.65,-121.57,48.2,81,1,4.7,US,clear sky,2020-12-18 03:40:11
378,Alamosa,37.47,-105.87,3.2,91,1,5.82,US,clear sky,2020-12-18 03:40:11
379,Harper,4.38,-7.72,78.53,86,14,9.26,LR,moderate rain,2020-12-18 03:40:11
380,Shizunai,42.33,142.37,33.31,83,78,22.59,JP,broken clouds,2020-12-18 03:40:11
381,Pella,59.78,30.82,30.99,92,90,8.95,RU,overcast clouds,2020-12-18 03:40:11
382,Asau,46.43,26.4,36.0,100,90,3.36,RO,overcast clouds,2020-12-18 03:40:11
383,Sao Filipe,14.9,-24.5,72.73,72,50,12.82,CV,scattered clouds,2020-12-18 03:40:12
384,Sindor,62.86,51.89,3.69,94,51,5.97,RU,broken clouds,2020-12-18 03:40:12
385,Baherden,38.44,57.43,41.16,66,100,1.68,TM,overcast clouds,2020-12-18 03:40:12
386,Niquelandia,-14.47,-48.46,72.88,76,89,2.3,BR,overcast clouds,2020-12-18 03:40:12
387,Bilma,18.69,12.92,61.21,32,0,8.84,NE,clear sky,2020-12-18 03:40:12
388,Mahibadhoo,3.78,72.97,82.36,71,11,6.15,MV,few clouds,2020-12-18 03:40:12
389,Cayenne,4.93,-52.33,75.2,100,100,18.34,GF,mist,2020-12-18 03:40:12
390,Ambulu,-8.35,113.61,77.23,88,96,2.24,ID,overcast clouds,2020-12-18 03:40:13
391,Vestmannaeyjar,63.44,-20.27,41.83,72,86,12.21,IS,overcast clouds,2020-12-18 03:40:13
392,Hamadan,34.8,48.51,34.0,89,2,2.37,IR,clear sky,2020-12-18 03:40:13
393,Oranjemund,-28.55,16.43,61.27,88,78,9.4,NA,broken clouds,2020-12-18 03:40:13
394,Awjilah,29.11,21.29,52.97,81,100,6.13,LY,overcast clouds,2020-12-18 03:40:13
395,Itarema,-2.92,-39.92,79.29,81,63,11.83,BR,broken clouds,2020-12-18 03:40:13
396,Clyde River,70.47,-68.59,-16.6,82,1,5.82,CA,clear sky,2020-12-18 03:40:14
397,Amapa,1.0,-52.0,73.13,98,99,2.73,BR,overcast clouds,2020-12-18 03:40:14
398,Bodden Town,19.28,-81.25,80.6,74,20,8.05,KY,few clouds,2020-12-18 03:40:14
399,Kamenka,51.32,42.77,30.99,94,100,11.12,RU,overcast clouds,2020-12-18 03:40:14
400,Tarut,26.57,50.04,60.8,62,0,6.93,SA,clear sky,2020-12-18 03:40:14
401,Hadrut,39.52,47.03,37.76,93,100,1.45,AZ,light rain,2020-12-18 03:40:14
402,Ayan,56.45,138.17,-8.81,88,39,17.05,RU,scattered clouds,2020-12-18 03:40:14
403,Farmington,36.73,-108.22,35.6,51,90,9.17,US,overcast clouds,2020-12-18 03:40:15
404,Sorland,67.67,12.69,34.2,89,100,17.4,NO,overcast clouds,2020-12-18 03:40:15
405,Acapulco,16.86,-99.89,77.0,78,5,2.24,MX,clear sky,2020-12-18 03:40:15
406,Mehamn,71.04,27.85,18.23,91,32,19.84,NO,scattered clouds,2020-12-18 03:40:15
407,Altamira,-3.2,-52.21,73.69,96,99,3.24,BR,overcast clouds,2020-12-18 03:38:51
408,Tahta,26.77,31.5,51.13,82,5,7.0,EG,clear sky,2020-12-18 03:40:15
409,Istisu,40.95,48.07,34.02,88,97,1.25,AZ,light rain,2020-12-18 03:40:15
410,Tecolutla,20.48,-97.02,61.65,87,100,7.11,MX,overcast clouds,2020-12-18 03:40:16
411,Muroto,33.28,134.15,50.0,34,40,4.7,JP,scattered clouds,2020-12-18 03:40:16
412,Rexburg,43.83,-111.79,32.0,98,90,3.36,US,mist,2020-12-18 03:40:16
413,Guatire,10.48,-66.54,69.01,82,58,1.81,VE,broken clouds,2020-12-18 03:40:16
414,Lahaina,20.88,-156.68,78.8,65,40,19.46,US,scattered clouds,2020-12-18 03:37:09
415,Broken Hill,-31.95,141.43,73.4,17,0,16.11,AU,clear sky,2020-12-18 03:40:16
416,Amahai,-3.33,128.92,86.83,67,100,4.09,ID,overcast clouds,2020-12-18 03:40:17
417,Mtwango,-9.02,34.8,58.91,96,84,7.9,TZ,broken clouds,2020-12-18 03:40:17
418,Pudozh,61.81,36.53,6.98,95,0,5.21,RU,clear sky,2020-12-18 03:40:17
419,Ixtapa,20.7,-105.2,70.0,88,20,3.36,MX,few clouds,2020-12-18 03:40:18
420,Rudnya,54.95,31.09,32.41,97,100,4.88,RU,snow,2020-12-18 03:40:19
421,Kon Tum,14.35,108.0,81.57,52,1,10.09,VN,clear sky,2020-12-18 03:40:19
422,Porto Walter,-8.27,-72.74,72.18,95,50,2.17,BR,scattered clouds,2020-12-18 03:40:19
423,Port Blair,11.67,92.75,84.29,69,53,11.63,IN,broken clouds,2020-12-18 03:40:20
424,Koutsouras,35.03,25.95,57.99,70,16,8.5,GR,few clouds,2020-12-18 03:40:20
425,Coquimbo,-29.95,-71.34,55.4,87,38,2.24,CL,scattered clouds,2020-12-18 03:39:27
426,Vasto,42.12,14.71,48.0,76,80,5.01,IT,broken clouds,2020-12-18 03:40:22
427,Havelock,34.88,-76.9,39.2,93,1,3.36,US,clear sky,2020-12-18 03:40:22
428,Fare,-16.7,-151.02,80.08,79,83,14.16,PF,light rain,2020-12-18 03:40:22
429,Cap-Aux-Meules,47.38,-61.86,28.4,86,100,12.75,CA,overcast clouds,2020-12-18 03:36:02
430,Izyaslav,50.12,26.82,33.96,92,100,4.63,UA,overcast clouds,2020-12-18 03:40:22
